<?xml version="1.0" encoding="UTF-8"?>
<project-private xmlns="http://www.netbeans.org/ns/project-private/1">
    <editor-bookmarks xmlns="http://www.netbeans.org/ns/editor-bookmarks/2" lastBookmarkId="0"/>
    <open-files xmlns="http://www.netbeans.org/ns/projectui-open-files/2">
        <group>
            <file>file:/home/michelle/NetBeansProjects/SWDeber6/src/swdeber6/Porhoras.java</file>
            <file>file:/home/michelle/NetBeansProjects/SWDeber6/src/swdeber6/Ocacional.java</file>
            <file>file:/home/michelle/NetBeansProjects/SWDeber6/src/swdeber6/Indefinido.java</file>
            <file>file:/home/michelle/NetBeansProjects/SWDeber6/src/swdeber6/Contrato.java</file>
        </group>
    </open-files>
</project-private>
