<?xml version="1.0" encoding="UTF-8"?>
<project-private xmlns="http://www.netbeans.org/ns/project-private/1">
    <editor-bookmarks xmlns="http://www.netbeans.org/ns/editor-bookmarks/2" lastBookmarkId="0"/>
    <open-files xmlns="http://www.netbeans.org/ns/projectui-open-files/2">
        <group>
            <file>file:/home/michelle/NetBeansProjects/SWEjercicio8/src/swejercicio8/FiguraGeometrica.java</file>
            <file>file:/home/michelle/NetBeansProjects/SWEjercicio8/src/swejercicio8/Cuadrado.java</file>
            <file>file:/home/michelle/NetBeansProjects/SWEjercicio8/src/swejercicio8/Rectangulo.java</file>
            <file>file:/home/michelle/NetBeansProjects/SWEjercicio8/src/swejercicio8/SWEjercicio8.java</file>
        </group>
    </open-files>
</project-private>
